id;name_en;name_ar;email;employee_code;mobile_no;address;national_id;title
1;calculate networks;Account modular Concrete;Carey51@yahoo.com;leading-edge;interfaces override;Small Indiana Sleek;alarm Switchable dot-com;reinvent orchestrate
2;Africa synergy Albania;mobile Granite;Brian11@gmail.com;open-source;alarm;frictionless Accounts;Decentralized;Marketing ROI
3;rich payment lavender;24;Louie_Lang24@yahoo.com;Chicken;initiatives invoice white;Forward microchip;Secured;Bedfordshire
4;Alaska Checking National;24/7;Christop.Abernathy@yahoo.com;Loan;upward-trending;Soft Steel Awesome;architecture Cyprus;communities redundant incentivize
5;payment Assimilated;Idaho;Baby70@yahoo.com;UIC-Franc Kroon Internal;National;invoice Philippine;Computer Games bottom-line;bypassing infomediaries implementation
6;Salad;circuit eyeballs;Daisha3@hotmail.com;engage;Expanded Agent;transmitter reboot TCP;hacking;approach Managed transform
7;synthesize Agent;invoice Hawaii Home;Queenie75@gmail.com;Strategist HTTP needs-based;Self-enabling Borders Rustic;Tuna convergence;Bedfordshire;indexing Frozen
8;Loan Cambridgeshire policy;cross-platform fuchsia Computer;Dimitri13@yahoo.com;Principal bleeding-edge override;Bouvet interface Secured;back-end;Steel;virtual Customer
9;Direct Montana fuchsia;Visionary;Antoinette42@gmail.com;national redefine;Fantastic Loan;generating Lead Branding;Assurance Sleek;Chips payment Berkshire
10;Berkshire virtual Representative;Outdoors;Giovani_OReilly@yahoo.com;Implemented Fundamental green;Designer Loan dedicated;transition Manor;methodologies;Regional
